FECHA,TNOH_NACIONAL,ARRIBOS,ARRIBOS_NAC,ARRIBOS_EXT
2015-01-01,30.220108343730754,3928961.0,3397936.0,531024.0
2015-02-01,32.758333241494405,3836097.0,3351161.0,484937.0
2015-03-01,30.25347993136523,3901810.0,3341999.0,559811.0
2015-04-01,30.819140472010922,3715286.0,3143040.0,572248.0
2015-05-01,31.233236202627925,3950267.0,3260342.0,689924.0
2015-06-01,31.173700158319495,3829022.0,3201758.0,627265.0
2015-07-01,33.18407096171802,4229572.0,3551452.0,678119.0
2015-08-01,32.92250404038083,4142326.0,3465935.0,676392.0
2015-09-01,31.96053093227773,3856759.0,3231793.0,624967.0
2015-10-01,32.71533532103836,4209922.0,3503494.0,706427.0
2015-11-01,31.79919627838916,3976617.0,3350000.0,626618.0
2015-12-01,28.61825193794093,4129882.0,3567249.0,562634.0
2016-01-01,29.235058946768383,4391991.0,3834145.0,557844.0
2016-02-01,32.350168774813035,4266940.0,3723369.0,543573.0
2016-03-01,29.15534484480596,4233466.0,3575878.0,657588.0
2016-04-01,29.624912656984865,4018608.0,3362268.0,656341.0
2016-05-01,29.968686422913127,4187813.0,3404908.0,782905.0
2016-06-01,29.57201822588535,3881975.0,3191801.0,690175.0
2016-07-01,32.36443211874049,4522828.0,3727640.0,795187.0
2016-08-01,32.28950939061343,4417134.0,3608166.0,808969.0
2016-09-01,31.182541260666117,4093055.0,3403897.0,689156.0
2016-10-01,31.905037598395605,4384348.0,3698570.0,685778.0
2016-11-01,30.791016451792085,4123364.0,3528231.0,595134.0
2016-12-01,27.07584833874512,3995868.0,3546361.0,449506.0
2017-01-01,27.72404965777841,4371500.0,3853560.0,517938.0
2017-02-01,29.32205512589736,4173114.0,3659930.0,513182.0
2017-03-01,26.507894994345197,4095124.0,3489623.0,605504.0
2017-04-01,27.553613273349537,4135680.0,3434491.0,701189.0
2017-05-01,27.889513686877372,4268369.0,3512399.0,755971.0
2017-06-01,28.219603340001257,4189953.0,3435861.0,754092.0
2017-07-01,30.53578715167579,4712789.0,3945934.0,766854.0
2017-08-01,30.10297358372674,4570539.0,3806684.0,763855.0
2017-09-01,29.078358338032164,4272366.0,3575870.0,696495.0
2017-10-01,28.864513325847803,4395047.0,3688747.0,706299.0
2017-11-01,28.808258068288925,4240344.0,3646368.0,593978.0
2017-12-01,26.720982598146723,4336960.0,3869227.0,467735.0
2018-01-01,27.77791032799037,4626118.0,4077028.0,549092.0
2018-02-01,29.841273372258804,4546848.0,4040626.0,506222.0
2018-03-01,28.205516628405416,4636831.0,4008041.0,628791.0
2018-04-01,28.15081268046605,4346314.0,3687163.0,659152.0
2018-05-01,28.212460877082787,4460454.0,3723971.0,736485.0
2018-06-01,28.359737955437904,4359158.0,3685496.0,673660.0
2018-07-01,29.865392724877506,4801857.0,4034010.0,767847.0
2018-08-01,30.951901101079574,4915944.0,4115545.0,800399.0
2018-09-01,29.74002535653434,4585556.0,3813077.0,772480.0
2018-10-01,29.784188185248528,4797510.0,4082012.0,715498.0
2018-11-01,29.907194411169606,4627659.0,3990341.0,637318.0
2018-12-01,27.238699226919504,4686732.0,4181218.0,505514.0
2019-01-01,28.961139063751116,5365463.0,4843835.0,521627.0
2019-02-01,30.256334208223972,5401635.0,4911631.0,490004.0
2019-03-01,27.923033031763936,5158004.0,4555255.0,602751.0
2019-04-01,28.26661626601709,4930530.0,4223190.0,707341.0
2019-05-01,28.444088596267353,4868875.0,4132425.0,736451.0
2019-06-01,29.180415924463034,4846021.0,4165863.0,680160.0
2019-07-01,31.680442546459016,5481471.0,4611783.0,869688.0
2019-08-01,32.540074379024986,5746493.0,4849842.0,896652.0
2019-09-01,31.158830515033955,5243359.0,4443849.0,799513.0
2019-10-01,31.17781221879727,5438494.0,4707915.0,730579.0
2019-11-01,31.84883629279083,5464200.0,4771524.0,692675.0
2019-12-01,28.06680084961012,5119894.0,4588945.0,530947.0
2020-01-01,28.64366847393507,5741721.0,5189401.0,552319.0
2020-02-01,31.60148740487527,5960633.0,5454486.0,506147.0
2020-03-01,15.403909521455567,2834323.0,2565170.0,269152.0
2020-04-01,18.889210934605405,452877.0,440078.0,12798.0
2020-05-01,20.075499905873492,622646.0,606909.0,15737.0
2020-06-01,21.194670498834338,1301798.0,1256441.0,45358.0
2020-07-01,17.71191930948356,2426409.0,2374086.0,52324.0
2020-08-01,17.916595942133725,2597735.0,2556547.0,41187.0
2020-09-01,20.76441119086473,3224921.0,3174694.0,50229.0
2020-10-01,22.24682184812601,3668405.0,3601136.0,67268.0
2020-11-01,23.467409936272595,3619112.0,3555048.0,64064.0
2020-12-01,23.04361404091367,3844932.0,3741626.0,103307.0
2021-01-01,21.40104883931779,3813648.0,3732885.0,80766.0
2021-02-01,18.592373109045344,2709133.0,2660326.0,48805.0
2021-03-01,20.992960055001717,3704705.0,3624952.0,79755.0
2021-04-01,21.333356549167288,3399488.0,3305494.0,93993.0
2021-05-01,22.091466615431592,3753044.0,3631898.0,121145.0
2021-06-01,21.886573089917285,3480864.0,3328850.0,152016.0
2021-07-01,25.499662834153614,4455677.0,4270319.0,185361.0
2021-08-01,26.64742826180746,4479016.0,4278912.0,200104.0
2021-09-01,25.511002047689157,4301622.0,4071232.0,230393.0
2021-10-01,27.656742829543767,4868045.0,4586125.0,281920.0
2021-11-01,26.477422083989726,4268960.0,3953923.0,315037.0
2021-12-01,24.67803711855894,4431960.0,4157285.0,274676.0
2022-01-01,24.687841964797382,4354823.0,4083093.0,271729.0
2022-02-01,26.491045768747384,4501821.0,4242956.0,258864.0
2022-03-01,24.339671032472996,4362357.0,4022046.0,340313.0
2022-04-01,24.95321274584025,4130165.0,3679151.0,451014.0
2022-05-01,24.96267443709297,4237412.0,3758795.0,478619.0
2022-06-01,24.95587336853577,4052595.0,3564786.0,487807.0
2022-07-01,27.12759402351636,4607424.0,4117324.0,490099.0
2022-08-01,27.001275435589,4579918.0,4056469.0,523449.0
2022-09-01,26.669516671250385,4326052.0,3841454.0,484597.0
2022-10-01,28.380489814898535,4915324.0,4411018.0,504307.0
2022-11-01,26.65168864333709,4455580.0,4000917.0,454663.0
2022-12-01,23.369649996608498,4584444.0,4310322.0,274123.0
2023-01-01,20.998236823905486,4353328.0,4118871.0,234457.0
2023-02-01,23.037414403740133,4487575.0,4285063.0,202512.0
2023-03-01,22.1784423142541,4191475.0,3930206.0,261269.0
2023-04-01,23.291347751051664,4288658.0,3940879.0,347779.0
2023-05-01,22.820823246617056,4191793.0,3843351.0,348445.0
2023-06-01,23.281973724952447,4081420.0,3710086.0,371335.0
2023-07-01,25.78387363009491,4606799.0,4137037.0,469763.0
2023-08-01,25.441334460525155,4577305.0,4110347.0,466959.0
2023-09-01,25.13729169029526,4296349.0,3820995.0,475353.0
2023-10-01,25.51324309662361,4702713.0,4219078.0,483635.0
2023-11-01,25.322299439768837,4469276.0,4019612.0,449663.0
2023-12-01,23.116714744350084,4624984.0,4217299.0,407685.0
2024-01-01,24.189072094436355,4730791.0,4294521.0,436271.0
2024-02-01,26.79349181106968,4833076.0,4414838.0,418241.0
2024-03-01,24.558737764086114,4942954.0,4414197.0,528757.0
2024-04-01,24.070760435229502,4618621.0,4057561.0,561060.0
2024-05-01,24.651772750895812,4624807.0,4011956.0,612850.0
2024-06-01,25.441089887708724,4484232.0,3913889.0,570344.0
2024-07-01,27.448128829045004,5132978.0,4505649.0,627328.0
2024-08-01,27.61716143557627,5156956.0,4483323.0,673634.0
2024-09-01,26.56598955032432,4622264.0,3998680.0,623583.0
2024-10-01,26.655730338102618,4793127.0,4188833.0,604294.0
2024-11-01,26.74950497335594,4721222.0,4155542.0,565680.0
2024-12-01,24.41980112173677,4809098.0,4329268.0,479830.0
2025-01-01,24.856652849895113,5170657.0,4681942.0,488714.0
2025-02-01,26.9948848813406,4853928.0,4415308.0,438621.0
2025-03-01,24.540232296317424,5033417.0,4462714.0,570702.0
2025-04-01,26.255397305479686,4994523.0,4307395.0,687128.0
2025-05-01,26.759869172420935,5109141.0,4389613.0,719528.0
2025-06-01,26.02003680949024,4740587.0,4053067.0,687520.0
