feature,shap_medio
TNOH_LAG1,1.8693334
TNOH_MM12,0.7269751
TNOH_MM3,0.4444839
NUMERO_ESTABLECIMIENTOS,0.41019458
NUMERO_HABITACIONES,0.34062013
TNOH_LAG12,0.30352998
T,0.23369463
TNOH_LAG3,0.22766773
N_ESTRELLAS,0.20083849
PLAZAS_POR_HAB,0.18438077
HAB_POR_ESTAB,0.16254194
DELTA_YOY,0.16056965
MES_SIN,0.13560417
DEP_TNOH_HIST,0.12211094
DEP_ESTACIONALIDAD,0.11171822
DEP_PCT_EXT_HIST,0.0938475
ES_FIESTAS_PATRIAS,0.0880354
MES,0.08209676
ES_FIN_DE_ANIO,0.074289486
MES_COS,0.0716038
ES_SEMANA_SANTA,0.044987496
CATEGORIA_1 ESTRELLA,0.038463026
CLASE_HOSTAL,0.036500648
ES_COVID,0.027991742
DEPARTAMENTO_PASCO,0.023344962
CATEGORIA_2 ESTRELLAS,0.013609766
DEPARTAMENTO_LA LIBERTAD,0.012295676
DEPARTAMENTO_LORETO,0.0119093
CLASE_HOTEL,0.011650152
ES_TEMPORADA_SECA,0.011073532
CATEGORIA_4 ESTRELLAS,0.010320696
DEPARTAMENTO_ÁNCASH,0.010293721
DEPARTAMENTO_UCAYALI,0.008101599
DEPARTAMENTO_TUMBES,0.008094507
DEPARTAMENTO_PIURA,0.007869194
CATEGORIA_3 ESTRELLAS,0.0077656037
DEPARTAMENTO_LAMBAYEQUE,0.0077615557
CLASE_APART HOTEL,0.007653475
ES_POST_COVID,0.0075410316
DEPARTAMENTO_SAN MARTÍN,0.007413233
DEPARTAMENTO_TACNA,0.007311504
DEPARTAMENTO_MOQUEGUA,0.0071798083
DEPARTAMENTO_ICA,0.0067437273
DEPARTAMENTO_PUNO,0.0062232465
DEPARTAMENTO_AYACUCHO,0.0056660296
DEPARTAMENTO_APURÍMAC,0.005600257
CLASE_NO CLASIFICADO,0.0047733206
DEPARTAMENTO_AMAZONAS,0.0038483054
CLASE_ALBERGUE,0.003776004
DEPARTAMENTO_AREQUIPA,0.0034050182
DEPARTAMENTO_HUANCAVELICA,0.0031139792
DEPARTAMENTO_MADRE DE DIOS,0.0027623589
DEPARTAMENTO_LIMA,0.0024270213
CLASE_RESORT,0.0017284938
DEPARTAMENTO_HUÁNUCO,0.0011023263
DEPARTAMENTO_CAJAMARCA,0.0003715863
CLASE_ECOLODGE,0.00015758516
CATEGORIA_5 ESTRELLAS,0.0
CATEGORIA_ALBERGUE,0.0
CATEGORIA_ECOLODGE,0.0
DEPARTAMENTO_CUSCO,0.0
DEPARTAMENTO_JUNÍN,0.0
DEPARTAMENTO_CALLAO,0.0
LOG_HAB,0.0
LOG_ESTAB,0.0
ANIO,0.0
TRIMESTRE,0.0
CATEGORIA_NO CATEGORIZADO,0.0
